index,Categories,1994,1996,1998,2000,2002,2004,2006,2008,2010,2012,2014,2016,2018,2020
0,UNITED STATES,190267,193651,198228,202609,210421,215694,220603,225499,229690,235248,239874,245502,249748,252274
1,MALE,91006,92632,95187,97087,100939,103812,106531,108974,111098,113243,115637,118488,120573,121870
2,FEMALE,99260,101020,103042,105523,109481,111882,114073,116525,118592,122005,124237,127013,129176,130404
3,WHITE,160317,162779,20321,168733,174099,176618,179873,183169,185804,187084,189331,192129,194127,195227
4,BLACK,21799,22483,165821,24132,24445,24910,25722,26528,27396,28709,29668,30608,31623,32219
5,HISPANIC ORIGIN,17476,18426,23305,21598,25162,27129,28945,30852,32457,35204,36802,38990,41049,42468
6,ALABAMA TOTAL,3136,3139,3252,3278,3252,3332,3447,3497,3526,3594,3656,3717,3753,3769
7,MALE,1427,1459,1559,1507,1520,1568,1638,1654,1652,1703,1734,1761,1772,1780
8,FEMALE,1708,1681,1693,1771,1732,1764,1809,1843,1873,1891,1922,1955,1982,1990
9,WHITE,2256,2353,26,2391,2452,2450,2500,2541,2611,2580,2586,2633,2610,2657
10,BLACK,839,768,2379,859,776,799,839,875,868,891,922,962,976,973
11,HISPANIC ORIGIN,38,24,835,27,30,39,69,71,142,107,136,117,169,79
12,ALASKA TOTAL,393,404,413,412,437,451,469,488,498,516,521,518,523,528
13,MALE,191,200,208,202,220,224,237,246,252,261,264,267,265,269
14,FEMALE,202,204,204,210,217,227,232,242,246,255,257,251,258,259
15,WHITE,317,326,12,327,333,359,356,364,385,373,340,346,330,345
16,BLACK,15,11,335,13,13,13,14,17,24,21,18,17,16,17
17,HISPANIC ORIGIN,11,9,11,12,20,22,14,15,23,23,28,24,20,28
18,ARIZONA TOTAL,2971,3149,3362,3524,3800,4122,4418,4688,4831,4863,4994,5196,5361,5638
19,MALE,1443,1474,1581,1734,1937,2008,2161,2326,2391,2361,2423,2525,2606,2739
20,FEMALE,1528,1676,1780,1789,1863,2114,2257,2362,2439,2501,2571,2671,2755,2899
21,WHITE,2730,2868,818,3205,3473,3747,3987,4163,4267,4130,4226,4471,4635,4840
22,BLACK,74,113,3090,114,102,142,155,185,193,211,215,252,257,279
23,HISPANIC ORIGIN,560,711,121,910,940,1160,1243,1227,1389,1396,1580,1613,1624,1800
24,ARKANSAS TOTAL,1801,1843,1855,1893,1960,2010,2076,2108,2140,2198,2189,2216,2261,2283
25,MALE,862,871,886,897,921,962,997,1002,1021,1044,1058,1055,1093,1101
26,FEMALE,939,972,969,996,1038,1048,1079,1106,1120,1154,1131,1161,1169,1182
27,WHITE,1499,1507,16,1540,1629,1649,1714,1733,1740,1788,1763,1822,1833,1867
28,BLACK,275,308,1523,331,296,295,297,308,310,313,307,321,327,336
29,HISPANIC ORIGIN,26,16,318,51,82,73,106,74,83,143,136,135,172,134
30,CALIFORNIA TOTAL,22639,22871,23696,24749,24405,26085,26318,26993,27381,28357,29030,29894,30243,30342
31,MALE,10969,11179,11649,11932,11962,12783,12925,13259,13470,13887,14156,14604,14767,14786
32,FEMALE,11670,11692,12047,12817,12443,13302,13393,13734,13910,14470,14874,15289,15476,15556
33,WHITE,18799,18490,6264,19770,19185,20083,20284,20823,20828,21330,21429,21592,21467,21941
34,BLACK,1237,1363,1421,1678,1503,1678,1665,1682,1728,1810,1846,1849,1912,1947
35,HISPANIC ORIGIN,5736,5723,1579,6514,6964,8127,8180,8859,9004,9935,10023,10221,10595,11165
36,COLORADO TOTAL,2703,2859,2954,3049,3246,3398,3464,3694,3768,3817,4009,4242,4353,4525
37,MALE,1360,1453,1465,1514,1615,1691,1712,1840,1865,1882,1979,2102,2171,2254
38,FEMALE,1343,1406,1489,1535,1631,1708,1752,1854,1903,1935,2030,2140,2182,2271
39,WHITE,2417,2692,366,2838,2981,3098,3160,3344,3423,3474,3637,3743,3911,4001
40,BLACK,143,85,2722,116,119,123,128,150,148,140,147,185,185,186
41,HISPANIC ORIGIN,259,331,107,478,570,574,563,590,629,681,701,633,806,854
42,CONNECTICUT TOTAL,2431,2409,2438,2415,2574,2606,2640,2651,2648,2726,2783,2759,2834,2777
43,MALE,1144,1132,1176,1146,1195,1246,1257,1270,1274,1297,1333,1321,1365,1333
44,FEMALE,1287,1276,1262,1268,1379,1359,1383,1381,1374,1429,1450,1438,1469,1444
45,WHITE,2219,2092,229,2020,2215,2278,2297,2233,2273,2238,2344,2258,2326,2197
46,BLACK,167,272,2194,317,267,233,243,251,247,279,291,297,319,323
47,HISPANIC ORIGIN,162,146,208,139,213,170,258,253,243,292,319,417,464,461
48,DELAWARE TOTAL,528,536,555,567,590,612,647,648,667,693,712,729,756,766
49,MALE,251,256,274,267,272,292,308,308,318,329,337,342,359,361
50,FEMALE,276,280,281,299,318,320,339,339,349,363,375,387,397,404
51,WHITE,422,410,13,443,456,485,496,493,513,521,510,527,540,540
52,BLACK,91,110,435,111,109,108,125,125,134,142,147,148,163,172
53,HISPANIC ORIGIN,16,19,108,20,26,44,43,38,40,56,56,66,73,57
54,DISTRICT OF COLUMBIA TOTAL,440,402,392,407,435,435,419,469,489,517,538,553,567,576
55,MALE,204,190,173,191,193,199,193,216,223,240,249,255,264,264
56,FEMALE,236,212,220,216,242,236,226,254,266,277,289,299,304,312
57,WHITE,159,121,17,140,170,179,175,203,220,246,251,264,270,278
58,BLACK,266,273,132,258,253,240,217,242,244,244,248,250,251,251
59,HISPANIC ORIGIN,33,17,248,26,40,38,36,50,45,48,53,42,53,50
60,FLORIDA TOTAL,10582,10886,11275,11633,12539,13133,13929,14069,14227,15034,15414,16202,16845,17244
61,MALE,4961,5102,5301,5533,5937,6266,6717,6774,6872,7179,7335,7736,8035,8263
62,FEMALE,5621,5785,5974,6100,6602,6867,7212,7294,7355,7855,8079,8466,8810,8982
63,WHITE,8997,9300,1917,9886,10433,10871,11556,11674,11665,12054,12507,13097,13425,13675
64,BLACK,1327,1422,9568,1467,1767,1832,1915,1968,2046,2244,2331,2434,2644,2652
65,HISPANIC ORIGIN,1690,1759,1417,2162,2334,2422,2862,2909,2962,3349,3530,4010,4288,4439
66,GEORGIA TOTAL,5105,5303,5581,5775,6080,6338,6630,7018,7119,7179,7306,7626,7850,8032
67,MALE,2416,2482,2605,2697,2867,3070,3188,3323,3404,3424,3458,3623,3700,3765
68,FEMALE,2689,2821,2977,3078,3213,3268,3442,3695,3715,3755,3848,4003,4150,4267
69,WHITE,3664,3629,127,3743,4161,4390,4512,4729,4734,4659,4569,4798,4949,4785
70,BLACK,1345,1570,3762,1956,1777,1688,1868,2014,2066,2151,2199,2325,2439,2569
71,HISPANIC ORIGIN,105,100,1744,169,241,376,528,541,519,489,508,680,525,739
72,HAWAII TOTAL,833,839,855,855,873,938,967,977,965,1013,1035,1064,1057,1056
73,MALE,383,395,396,413,417,448,460,478,471,493,502,519,504,509
74,FEMALE,450,444,459,442,456,490,507,499,494,520,533,545,553,546
75,WHITE,301,238,28,216,223,208,232,239,191,238,228,225,237,261
76,BLACK,7,15,192,16,11,17,15,18,28,18,19,24,22,18
77,HISPANIC ORIGIN,14,18,7,29,26,55,52,49,85,81,64,78,82,71
78,IDAHO TOTAL,798,835,881,927,950,996,1064,1095,1114,1129,1182,1224,1299,1370
79,MALE,396,409,450,447,457,487,523,538,546,553,585,607,645,679
80,FEMALE,402,426,431,480,493,509,541,556,568,577,597,618,654,691
81,WHITE,779,816,72,896,929,942,1013,1045,1051,1077,1110,1151,1214,1279
82,BLACK,4,1,859,4,2,5,7,11,8,7,10,6,8,10
83,HISPANIC ORIGIN,32,53,3,58,64,89,91,122,100,119,153,163,182,166
84,ILLINOIS TOTAL,8561,8598,8659,8859,9366,9303,9392,9521,9619,9651,9757,9723,9732,9658
85,MALE,4076,4164,4187,4207,4468,4469,4570,4623,4661,4638,4714,4692,4711,4671
86,FEMALE,4485,4435,4472,4652,4898,4835,4822,4897,4958,5013,5042,5031,5021,4987
87,WHITE,6916,7068,755,7174,7820,7648,7585,7750,7799,7673,7648,7647,7564,7551
88,BLACK,1267,1359,7130,1342,1167,1277,1274,1298,1312,1322,1348,1358,1334,1335
89,HISPANIC ORIGIN,685,597,1179,771,938,1031,1086,1081,1220,1200,1316,1490,1458,1421
90,INDIANA TOTAL,4191,4238,4377,4380,4646,4536,4629,4686,4777,4852,4913,4988,5006,5096
91,MALE,2060,2037,2098,2157,2227,2182,2262,2280,2317,2326,2357,2426,2404,2463
92,FEMALE,2131,2201,2279,2223,2419,2354,2367,2406,2459,2526,2556,2562,2602,2633
93,WHITE,3828,3884,83,4037,4264,4088,4195,4264,4300,4349,4365,4309,4260,4318
94,BLACK,306,317,3983,286,341,368,378,370,371,385,395,473,484,473
95,HISPANIC ORIGIN,65,60,313,79,105,182,211,196,195,184,314,224,337,225
96,IOWA TOTAL,2059,2113,2102,2110,2152,2212,2252,2244,2278,2320,2336,2394,2376,2361
97,MALE,1015,1022,1017,1049,1023,1073,1104,1097,1114,1135,1154,1172,1176,1167
98,FEMALE,1044,1091,1085,1061,1129,1139,1148,1147,1164,1186,1182,1221,1201,1194
99,WHITE,1965,1999,24,2009,2061,2120,2118,2084,2161,2173,2171,2201,2192,2160
100,BLACK,41,45,2031,81,44,37,49,71,57,54,69,73,89,95
101,HISPANIC ORIGIN,17,24,21,89,81,69,70,101,96,120,81,97,206,108
102,KANSAS TOTAL,1798,1823,1868,1908,2038,1990,2035,2037,2059,2120,2125,2142,2149,2157
103,MALE,870,863,898,927,993,970,995,992,1022,1029,1037,1048,1049,1057
104,FEMALE,929,959,969,981,1045,1019,1040,1045,1038,1091,1088,1094,1100,1101
105,WHITE,1644,1655,71,1757,1821,1768,1833,1762,1831,1851,1853,1883,1880,1867
106,BLACK,103,107,1708,103,139,99,99,120,113,105,129,121,129,106
107,HISPANIC ORIGIN,46,35,91,50,167,132,119,136,125,197,216,217,231,317
108,KENTUCKY TOTAL,2807,2906,2956,2996,3012,3042,3142,3179,3250,3291,3323,3348,3370,3384
109,MALE,1328,1339,1445,1398,1448,1454,1520,1525,1552,1581,1597,1614,1627,1616
110,FEMALE,1478,1567,1511,1597,1564,1588,1623,1653,1698,1710,1725,1734,1743,1768
111,WHITE,2596,2647,21,2738,2751,2775,2878,2886,2995,2966,2943,3014,3014,2994
112,BLACK,174,238,2757,230,216,204,196,211,203,223,271,250,248,259
113,HISPANIC ORIGIN,16,8,175,71,20,44,45,52,109,82,113,138,96,163
114,LOUISIANA TOTAL,3013,3098,3114,3143,3092,3277,3071,3161,3314,3321,3450,3463,3458,3438
115,MALE,1433,1436,1508,1434,1397,1528,1437,1478,1555,1554,1645,1650,1635,1618
116,FEMALE,1580,1662,1606,1709,1695,1749,1634,1683,1759,1766,1805,1813,1823,1820
117,WHITE,2091,2165,66,2194,2118,2260,2115,2119,2218,2242,2250,2251,2212,2212
118,BLACK,908,908,2066,892,924,976,884,943,981,996,1042,1062,1076,1068
119,HISPANIC ORIGIN,61,60,980,61,135,68,92,100,104,125,165,174,189,210
120,MAINE TOTAL,909,926,938,979,1042,1022,1034,1020,1034,1042,1061,1058,1074,1087
121,MALE,435,457,458,465,504,493,498,492,499,509,512,510,527,523
122,FEMALE,474,469,480,514,538,529,535,529,535,533,549,548,546,564
123,WHITE,895,918,3,966,1026,990,1010,981,1004,1001,1009,1001,1011,1036
124,BLACK,1,1,922,6,7,8,5,10,13,8,9,13,17,13
125,HISPANIC ORIGIN,4,2,4,4,5,9,3,17,6,10,10,20,11,11
126,MARYLAND TOTAL,3726,3766,3861,3812,3922,4043,4175,4218,4279,4449,4542,4623,4666,4606
127,MALE,1715,1821,1842,1838,1805,1906,1965,1984,2039,2101,2135,2203,2217,2199
128,FEMALE,2011,1944,2019,1974,2117,2137,2210,2234,2240,2348,2407,2420,2449,2407
129,WHITE,2659,2758,131,2549,2617,2737,2795,2762,2760,2837,2752,2784,2800,2757
130,BLACK,948,881,2758,1165,1045,1070,1162,1177,1217,1276,1325,1386,1414,1421
131,HISPANIC ORIGIN,71,149,931,131,198,282,317,269,337,342,332,450,500,323
132,MASSACHUSETTS TOTAL,4532,4560,4594,4614,4931,4840,4864,4962,5097,5170,5279,5374,5460,5514
133,MALE,2135,2157,2229,2212,2323,2299,2313,2385,2436,2452,2504,2585,2594,2642
134,FEMALE,2397,2403,2365,2403,2608,2541,2551,2576,2661,2718,2775,2788,2866,2872
135,WHITE,4179,4187,217,4189,4424,4297,4274,4280,4516,4358,4441,4464,4417,4429
136,BLACK,214,228,4282,311,316,292,292,310,319,385,408,438,454,489
137,HISPANIC ORIGIN,128,161,213,251,315,323,265,286,430,453,462,500,565,636
138,MICHIGAN TOTAL,6921,7018,7227,7231,7629,7452,7458,7487,7513,7496,7576,7624,7657,7790
139,MALE,3317,3370,3491,3517,3697,3604,3580,3609,3606,3601,3615,3650,3688,3795
140,FEMALE,3605,3649,3736,3713,3933,3848,3878,3877,3907,3895,3961,3974,3970,3995
141,WHITE,5801,5992,196,6156,6359,6163,6129,6200,6141,6103,6164,6264,6257,6269
142,BLACK,971,838,6108,891,953,957,970,968,997,1028,979,1039,1027,1021
143,HISPANIC ORIGIN,110,165,997,156,237,201,287,198,229,285,395,288,241,406
144,MINNESOTA TOTAL,3296,3375,3443,3506,3823,3766,3855,3898,3982,4055,4104,4190,4238,4339
145,MALE,1591,1689,1740,1721,1872,1858,1908,1927,1965,1993,2007,2063,2099,2149
146,FEMALE,1705,1686,1703,1785,1951,1908,1947,1972,2017,2062,2097,2127,2139,2190
147,WHITE,3154,3202,69,3296,3580,3435,3526,3497,3680,3639,3670,3614,3632,3744
148,BLACK,99,64,3266,95,118,128,135,181,140,179,196,193,252,260
149,HISPANIC ORIGIN,42,82,61,50,106,108,153,128,138,136,183,255,156,209
150,MISSISSIPPI TOTAL,1863,1942,1975,2029,2014,2081,2083,2109,2113,2166,2182,2203,2194,2212
151,MALE,860,905,886,943,948,972,971,1000,1000,1019,1028,1026,1027,1029
152,FEMALE,1003,1037,1089,1086,1065,1109,1112,1108,1113,1147,1154,1177,1167,1182
153,WHITE,1114,1256,22,1394,1350,1335,1314,1360,1324,1355,1352,1377,1353,1350
154,BLACK,738,660,1277,611,648,698,718,718,721,748,769,782,798,792
155,HISPANIC ORIGIN,6,10,670,25,49,46,39,54,17,35,60,41,44,67
156,MISSOURI TOTAL,3797,3925,3967,4066,4143,4243,4388,4430,4506,4521,4505,4626,4676,4637
157,MALE,1864,1856,1857,1902,1908,2023,2127,2120,2164,2169,2172,2231,2243,2205
158,FEMALE,1933,2070,2110,2165,2235,2219,2262,2309,2342,2352,2333,2395,2433,2432
159,WHITE,3353,3546,66,3526,3611,3636,3765,3833,3900,3887,3861,3957,4006,3871
160,BLACK,394,361,3575,449,455,433,454,457,484,484,485,491,504,518
161,HISPANIC ORIGIN,41,75,339,38,58,115,135,98,140,140,88,160,176,232
162,MONTANA TOTAL,619,649,654,658,680,690,735,731,753,768,788,798,822,836
163,MALE,303,326,322,329,340,339,365,358,371,379,392,399,405,415
164,FEMALE,315,322,331,329,340,352,370,373,381,389,396,399,417,422
165,WHITE,591,607,8,620,643,647,684,683,678,698,728,738,769,772
166,BLACK,1,3,604,,4,,,2,5,2,3,5,4,4
167,HISPANIC ORIGIN,8,9,1,13,12,12,12,15,22,15,16,20,22,20
168,NEBRASKA TOTAL,1156,1181,1193,1205,1257,1294,1298,1308,1323,1371,1400,1407,1428,1435
169,MALE,560,559,575,579,623,628,638,640,643,677,688,696,710,708
170,FEMALE,596,622,619,626,635,667,660,669,680,694,712,711,718,728
171,WHITE,1089,1118,47,1133,1171,1181,1183,1210,1216,1265,1295,1253,1277,1301
172,BLACK,47,32,1141,46,50,51,57,42,45,51,55,56,60,80
173,HISPANIC ORIGIN,20,34,30,56,95,119,76,76,101,110,135,109,175,98
174,NEVADA TOTAL,1081,1176,1298,1377,1580,1699,1839,1946,1957,2039,2128,2234,2324,2402
175,MALE,539,587,654,693,773,856,926,982,989,1015,1055,1098,1145,1192
176,FEMALE,542,589,644,683,807,842,913,964,968,1024,1073,1136,1179,1210
177,WHITE,944,1083,201,1144,1362,1445,1490,1572,1534,1627,1571,1730,1731,1691
178,BLACK,80,56,1128,112,91,113,137,148,148,169,193,182,197,233
179,HISPANIC ORIGIN,137,162,88,220,325,301,375,392,399,464,527,517,584,654
180,NEW HAMPSHIRE TOTAL,832,862,874,902,991,982,1015,1015,1024,1028,1047,1044,1080,1101
181,MALE,412,405,422,442,477,479,492,493,498,503,512,509,530,542
182,FEMALE,420,457,452,461,514,503,523,522,526,525,535,535,550,559
183,WHITE,817,849,15,862,947,943,964,974,976,980,996,990,1002,1030
184,BLACK,3,7,852,13,3,6,10,9,12,12,15,11,16,20
185,HISPANIC ORIGIN,13,4,6,14,13,11,15,18,12,29,23,19,42,38
186,NEW JERSEY TOTAL,5918,5944,6059,6109,6669,6413,6488,6489,6581,6730,6820,6862,7009,6801
187,MALE,2817,2865,2877,2919,3252,3052,3114,3124,3169,3215,3277,3282,3348,3281
188,FEMALE,3101,3079,3182,3190,3417,3361,3374,3365,3412,3514,3543,3580,3660,3520
189,WHITE,4839,4876,630,5033,5461,5174,5025,4991,5115,5173,5146,5237,5227,4900
190,BLACK,776,766,4932,787,801,845,855,846,889,907,953,964,1013,994
191,HISPANIC ORIGIN,546,670,886,583,927,906,960,1006,1136,1170,1229,1379,1259,1347
192,NEW MEXICO TOTAL,1175,1213,1253,1261,1318,1375,1436,1473,1489,1553,1536,1547,1576,1610
193,MALE,566,590,615,591,643,658,688,720,725,754,739,749,761,784
194,FEMALE,609,623,638,670,675,717,748,753,764,799,797,798,815,826
195,WHITE,1059,1088,535,1064,1132,1151,1231,1287,1215,1310,1234,1183,1251,1340
196,BLACK,13,14,1099,36,38,34,36,32,44,43,40,42,30,34
197,HISPANIC ORIGIN,399,476,16,484,551,544,519,640,610,624,601,705,666,636
198,NEW YORK TOTAL,13599,13408,13440,13725,14206,14492,14376,14665,14974,15066,15274,15506,15478,15105
199,MALE,6379,6191,6487,6613,6688,6865,6832,6999,7136,7151,7294,7389,7364,7164
200,FEMALE,7221,7218,6953,7112,7518,7627,7544,7666,7837,7916,7980,8116,8113,7941
201,WHITE,11083,10474,1984,10602,10901,11055,10793,10972,11336,10925,11147,11101,11157,10551
202,BLACK,1840,2218,10598,2181,2312,2354,2292,2350,2478,2482,2581,2610,2570,2554
203,HISPANIC ORIGIN,1529,1794,2082,1706,1898,1976,2054,2042,2389,2363,2394,2346,2604,2330
204,NORTH CAROLINA TOTAL,5211,5364,5536,5629,5978,6250,6490,6845,6998,7265,7412,7631,7911,8113
205,MALE,2460,2553,2664,2626,2829,2979,3117,3249,3320,3439,3510,3596,3748,3854
206,FEMALE,2751,2811,2872,3003,3150,3271,3373,3595,3678,3826,3902,4034,4163,4259
207,WHITE,3901,4165,112,4143,4569,4709,4980,5158,5164,5453,5415,5480,5775,5775
208,BLACK,1222,1007,4081,1315,1178,1241,1284,1368,1438,1529,1572,1625,1685,1752
209,HISPANIC ORIGIN,83,135,1276,255,268,327,418,374,469,603,602,804,588,989
210,NORTH DAKOTA TOTAL,441,456,460,449,492,466,484,484,488,528,567,583,560,571
211,MALE,217,227,226,222,231,228,238,238,243,263,290,298,286,289
212,FEMALE,224,228,234,228,261,238,246,246,245,265,276,285,274,282
213,WHITE,426,443,1,425,467,443,439,434,433,471,516,520,499,503
214,BLACK,1,1,438,2,2,3,1,5,4,6,10,15,14,13
215,HISPANIC ORIGIN,2,3,0,3,6,6,6,6,3,16,19,9,16,16
216,OHIO TOTAL,8152,8192,8263,8301,8604,8469,8508,8499,8642,8750,8772,8811,8873,8951
217,MALE,3819,3858,3887,3916,4047,4037,4072,4068,4135,4175,4197,4219,4294,4311
218,FEMALE,4334,4334,4376,4385,4557,4432,4436,4431,4506,4576,4575,4593,4579,4640
219,WHITE,7343,7210,98,7250,7456,7381,7351,7330,7474,7473,7404,7340,7372,7416
220,BLACK,721,860,7310,934,1009,895,926,915,930,1028,1024,1031,1054,1069
221,HISPANIC ORIGIN,76,76,821,106,180,209,216,212,187,252,192,277,235,383
222,OKLAHOMA TOTAL,2325,2356,2426,2457,2515,2602,2616,2667,2695,2808,2851,2923,2868,2942
223,MALE,1078,1064,1177,1155,1216,1247,1253,1280,1295,1358,1394,1417,1388,1434
224,FEMALE,1247,1292,1249,1302,1299,1355,1363,1386,1400,1449,1457,1507,1480,1508
225,WHITE,1963,1937,74,2169,2018,2031,2064,2080,2015,2072,2262,2289,2254,2289
226,BLACK,214,219,1988,115,228,190,188,194,195,191,192,198,195,231
227,HISPANIC ORIGIN,78,41,213,76,103,135,117,170,159,174,267,280,310,348
228,OREGON TOTAL,2309,2395,2474,2515,2625,2727,2802,2904,2974,2998,3078,3185,3293,3369
229,MALE,1153,1185,1225,1219,1317,1340,1373,1416,1455,1480,1512,1567,1612,1645
230,FEMALE,1156,1210,1250,1296,1308,1387,1429,1488,1520,1518,1566,1618,1681,1724
231,WHITE,2166,2279,180,2372,2423,2498,2578,2559,2725,2633,2768,2808,2874,2955
232,BLACK,40,48,2310,34,48,48,39,57,63,57,56,57,78,82
233,HISPANIC ORIGIN,97,111,38,193,189,165,169,261,189,226,322,371,365,281
234,PENNSYLVANIA TOTAL,9004,8996,8942,8950,9404,9356,9436,9449,9631,9847,9924,9980,9928,9902
235,MALE,4331,4282,4136,4287,4474,4467,4492,4493,4581,4727,4779,4808,4736,4787
236,FEMALE,4673,4714,4806,4663,4930,4889,4944,4956,5050,5120,5145,5172,5192,5115
237,WHITE,7914,8070,245,8015,8334,8218,8373,8319,8435,8382,8451,8435,8277,8485
238,BLACK,881,785,7966,764,827,853,900,882,907,1006,1001,1071,1059,1042
239,HISPANIC ORIGIN,191,171,784,248,309,255,312,361,390,501,689,544,657,618
240,RHODE ISLAND TOTAL,729,725,726,729,803,813,806,804,812,817,819,836,828,840
241,MALE,336,336,334,339,387,385,382,380,387,384,387,404,394,402
242,FEMALE,393,389,392,390,416,428,424,424,425,434,432,432,435,438
243,WHITE,684,676,36,670,730,732,723,730,720,713,717,699,724,742
244,BLACK,27,38,682,38,51,46,40,48,45,50,55,63,53,61
245,HISPANIC ORIGIN,36,29,37,30,69,58,76,71,84,95,75,132,98,88
246,SOUTH CAROLINA TOTAL,2681,2716,2817,2929,2967,3061,3197,3313,3453,3516,3667,3733,3914,4010
247,MALE,1261,1269,1328,1355,1410,1441,1521,1564,1635,1660,1730,1774,1849,1887
248,FEMALE,1420,1447,1489,1575,1557,1620,1677,1749,1818,1856,1937,1959,2066,2123
249,WHITE,1765,2005,24,2233,2224,2188,2270,2413,2455,2508,2622,2621,2790,2840
250,BLACK,882,677,2056,662,714,837,858,854,898,919,965,975,1000,1032
251,HISPANIC ORIGIN,16,18,741,62,107,52,151,111,112,114,171,175,207,257
252,SOUTH DAKOTA TOTAL,495,523,529,530,573,564,577,590,602,616,625,631,648,659
253,MALE,239,257,269,263,279,275,285,291,297,304,308,314,325,330
254,FEMALE,256,266,260,266,294,289,292,299,305,312,317,318,323,329
255,WHITE,477,492,4,498,541,530,533,541,554,541,562,560,573,587
256,BLACK,2,2,498,5,4,2,4,6,7,6,12,11,12,18
257,HISPANIC ORIGIN,3,4,2,4,10,10,11,11,19,16,12,21,15,13
258,TENNESSEE TOTAL,3856,4014,4080,4173,4284,4402,4571,4692,4745,4849,4975,5057,5202,5283
259,MALE,1810,1948,1940,2036,2047,2118,2199,2220,2278,2300,2366,2418,2501,2544
260,FEMALE,2046,2066,2140,2137,2237,2283,2372,2472,2466,2548,2609,2639,2701,2738
261,WHITE,3264,3272,20,3489,3619,3655,3775,3849,3869,3925,4014,4014,4156,4212
262,BLACK,513,717,3425,658,557,651,697,697,716,768,793,814,830,866
263,HISPANIC ORIGIN,30,33,635,67,180,128,163,178,160,241,202,221,282,329
264,TEXAS TOTAL,13134,13431,14080,14533,14996,15813,16512,17295,17847,18642,19354,20172,21064,21485
265,MALE,6411,6543,6691,7079,7212,7667,8038,8434,8742,9046,9412,9775,10274,10513
266,FEMALE,6723,6888,7389,7454,7783,8146,8474,8861,9105,9596,9941,10397,10790,10972
267,WHITE,11288,11545,4057,12572,12518,13246,13745,14432,14741,15029,15676,16095,16689,17042
268,BLACK,1285,1446,12019,1397,1748,1669,1854,1933,2060,2213,2327,2458,2625,2700
269,HISPANIC ORIGIN,3909,3804,1614,4414,5149,5232,5407,6241,6403,6831,6762,6923,7658,7730
270,UTAH TOTAL,1231,1334,1408,1472,1522,1629,1753,1859,1929,1917,2026,2096,2247,2320
271,MALE,605,651,671,724,755,811,866,938,958,940,1011,1043,1109,1146
272,FEMALE,625,683,738,748,767,818,888,921,971,977,1016,1053,1138,1174
273,WHITE,1180,1295,86,1414,1446,1561,1637,1761,1811,1780,1919,1955,2080,2096
274,BLACK,18,8,1365,4,16,10,15,26,19,23,26,20,31,40
275,HISPANIC ORIGIN,79,87,5,104,124,104,168,138,151,233,222,245,291,253
276,VERMONT TOTAL,432,434,444,458,490,482,491,487,490,496,493,500,503,507
277,MALE,211,215,219,221,234,233,240,238,238,241,240,246,247,250
278,FEMALE,221,220,225,238,255,249,252,249,252,255,253,254,257,257
279,WHITE,426,429,2,454,482,463,473,471,473,470,475,468,478,477
280,BLACK,1,1,436,1,2,2,3,4,4,5,4,5,4,8
281,HISPANIC ORIGIN,2,3,0,3,2,3,5,5,4,6,4,5,8,6
282,VIRGINIA TOTAL,4760,4955,4969,5177,5194,5364,5578,5720,5873,6094,6221,6343,6386,6481
283,MALE,2235,2303,2345,2431,2489,2538,2623,2725,2812,2890,2975,3026,3051,3084
284,FEMALE,2526,2652,2624,2745,2705,2826,2955,2995,3061,3204,3246,3317,3335,3396
285,WHITE,3628,3768,107,3930,3799,4101,4228,4288,4266,4496,4480,4459,4496,4526
286,BLACK,989,1029,3765,1010,1060,961,1026,1031,1104,1133,1188,1189,1198,1237
287,HISPANIC ORIGIN,117,124,1054,234,207,301,349,330,369,375,389,606,669,678
288,WASHINGTON TOTAL,3924,4059,4179,4314,4456,4596,4745,4912,5095,5230,5333,5592,5775,5993
289,MALE,1904,2001,2076,2053,2184,2214,2313,2418,2501,2546,2616,2765,2869,2947
290,FEMALE,2021,2058,2102,2261,2272,2382,2432,2495,2595,2684,2717,2827,2906,3046
291,WHITE,3605,3779,182,3890,3926,3792,3964,4146,4366,4301,4238,4628,4663,4735
292,BLACK,100,52,3766,123,111,141,142,157,157,162,195,201,232,257
293,HISPANIC ORIGIN,71,167,81,167,244,248,295,404,461,460,635,656,736,680
294,WEST VIRGINIA TOTAL,1396,1423,1401,1405,1379,1395,1394,1395,1420,1452,1449,1434,1406,1397
295,MALE,675,658,655,654,654,676,669,673,686,705,705,695,685,684
296,FEMALE,721,765,745,750,724,720,726,722,734,747,744,739,721,714
297,WHITE,1329,1368,5,1355,1334,1331,1329,1345,1360,1391,1376,1350,1312,1324
298,BLACK,57,41,1369,45,34,42,44,39,48,40,41,48,49,45
299,HISPANIC ORIGIN,4,3,22,7,8,5,3,9,5,14,18,13,24,23
300,WISCONSIN TOTAL,3638,3736,3790,3884,4119,4126,4202,4212,4291,4352,4356,4465,4436,4538
301,MALE,1815,1877,1840,1912,2073,2017,2041,2084,2105,2115,2136,2193,2186,2223
302,FEMALE,1824,1859,1950,1972,2045,2109,2161,2128,2185,2236,2220,2272,2250,2315
303,WHITE,3458,3493,25,3653,3801,3793,3845,3881,3956,3920,3933,4079,3948,4005
304,BLACK,125,137,3489,147,184,195,203,199,204,242,230,205,264,263
305,HISPANIC ORIGIN,43,98,187,159,201,203,173,247,181,214,248,329,232,242
306,WYOMING TOTAL,333,347,346,350,370,373,388,397,411,427,441,436,430,436
307,MALE,164,169,175,176,179,187,192,199,210,213,223,223,216,217
308,FEMALE,169,179,171,175,191,186,196,198,202,213,217,213,214,219
309,WHITE,325,339,13,342,356,358,372,377,389,403,407,405,408,410
310,BLACK,3,2,332,1,3,3,3,5,6,3,11,5,5,2
311,HISPANIC ORIGIN,14,16,4,19,19,20,30,18,31,32,29,32,41,40
